Manager,Report Date,Value ($000),Shares,Option Type
ROYAL BANK OF CANADA,12/31/2021,"3,157,982","165,599,474",
BANK OF MONTREAL /CAN/,12/31/2021,"1,804,412","93,511,578",
VANGUARD GROUP INC,12/31/2021,"1,214,258","63,673,763",
"Jarislowsky, Fraser Ltd",12/31/2021,"747,232","39,631,643",
MACKENZIE FINANCIAL CORP,12/31/2021,"688,424","36,117,254",
TD ASSET MANAGEMENT INC,12/31/2021,"646,525","33,872,183",
CIBC World Markets Inc.,12/31/2021,"527,387","27,655,309",
BANK OF NOVA SCOTIA,12/31/2021,"504,836","26,459,080",
"Beutel, Goodman & Co Ltd.",12/31/2021,"439,192","23,094,468",
Capital World Investors,12/31/2021,"405,605","21,280,400",
NORGES BANK,12/31/2021,"362,442","19,001,291",
CIBC Asset Management Inc,12/31/2021,"311,050","16,330,704",
1832 Asset Management L.P.,12/31/2021,"297,615","15,493,231",
"LETKO, BROSSEAU & ASSOCIATES INC",12/31/2021,"259,881","13,615,452",
WELLS FARGO & COMPANY/MN,12/31/2021,"245,456","12,871,333",
MASSACHUSETTS FINANCIAL SERVICES CO /MA/,12/31/2021,"232,904","12,213,095",
SCOTIA CAPITAL INC.,12/31/2021,"228,754","12,002,897",
TORONTO DOMINION BANK,12/31/2021,"226,261","11,160,868",
Legal & General Group Plc,12/31/2021,"201,864","10,575,634",
CIBC World Markets Inc.,12/31/2021,"197,823","10,373,500",put
Man Group plc,12/31/2021,"167,897","8,796,459",
JPMORGAN CHASE & CO,12/31/2021,"160,982","8,441,642",
CANADA PENSION PLAN INVESTMENT BOARD,12/31/2021,"159,855","8,375,000",
PRICE T ROWE ASSOCIATES INC /MD/,12/31/2021,"153,645","8,049,651",
FRANKLIN RESOURCES INC,12/31/2021,"151,461","7,940,427",
Swiss National Bank,12/31/2021,"145,239","7,641,768",
Federation des caisses Desjardins du Quebec,12/31/2021,"141,083","7,410,057",
FMR LLC,12/31/2021,"137,499","7,214,008",
FIL Ltd,12/31/2021,"132,087","6,930,046",
TD Waterhouse Canada Inc.,12/31/2021,"165,768","6,700,617",
JANUS HENDERSON GROUP PLC,12/31/2021,"120,574","6,307,400",
DekaBank Deutsche Girozentrale,12/31/2021,"118,501","6,292,858",
GUARDIAN CAPITAL LP,12/31/2021,"117,278","6,144,339",
Allianz Asset Management GmbH,12/31/2021,"112,651","5,902,069",
"GEODE CAPITAL MANAGEMENT, LLC",12/31/2021,"105,051","5,514,978",
Alberta Investment Management Corp,12/31/2021,"103,322","5,413,134",
DIMENSIONAL FUND ADVISORS LP,12/31/2021,"101,774","5,336,882",
M&G INVESTMENT MANAGEMENT LTD,12/31/2021,"100,112","5,269,640",
NATIONAL BANK OF CANADA /FI/,12/31/2021,"99,316","5,211,703",
"Sumitomo Mitsui Trust Holdings, Inc.",12/31/2021,"96,593","5,067,619",
Invesco Ltd.,12/31/2021,"96,208","5,044,997",
"Cardinal Capital Management, Inc.",12/31/2021,"93,925","4,931,205",
CAISSE DE DEPOT ET PLACEMENT DU QUEBEC,12/31/2021,"85,982","4,504,717",
ROYAL BANK OF CANADA,12/31/2021,"85,064","4,460,600",put
BRITISH COLUMBIA INVESTMENT MANAGEMENT Corp,12/31/2021,"79,682","4,177,402",
HSBC HOLDINGS PLC,12/31/2021,"72,725","3,814,786",
INTACT INVESTMENT MANAGEMENT INC.,12/31/2021,"89,046","3,694,835",
HEALTHCARE OF ONTARIO PENSION PLAN TRUST FUND,12/31/2021,"63,885","3,348,579",
CREDIT SUISSE AG/,12/31/2021,"61,372","3,218,266",
MILLENNIUM MANAGEMENT LLC,12/31/2021,"75,947","3,150,000",call
Galibier Capital Management Ltd.,12/31/2021,"58,940","3,087,916",
DEUTSCHE BANK AG\,12/31/2021,"58,180","3,050,821",
"TWO SIGMA INVESTMENTS, LP",12/31/2021,"57,965","3,039,573",
SCHRODER INVESTMENT MANAGEMENT GROUP,12/31/2021,"69,693","2,890,653",
Addenda Capital Inc.,12/31/2021,"63,564","2,636,400",
MORGAN STANLEY,12/31/2021,"49,413","2,591,161",
Bank of New York Mellon Corp,12/31/2021,"47,561","2,494,027",
"FIRST REPUBLIC INVESTMENT MANAGEMENT, INC.",12/31/2021,"46,884","2,458,534",
MILLENNIUM MANAGEMENT LLC,12/31/2021,"56,900","2,360,000",put
"Russell Investments Group, Ltd.",12/31/2021,"43,032","2,254,585",
AMUNDI,12/31/2021,"44,744","2,163,677",
GLUSKIN SHEFF & ASSOC INC,12/31/2021,"39,343","2,065,143",
"MANUFACTURERS LIFE INSURANCE COMPANY, THE",12/31/2021,"37,101","1,960,281",
Polar Asset Management Partners Inc.,12/31/2021,"35,304","1,850,000",call
STATE OF WISCONSIN INVESTMENT BOARD,12/31/2021,"35,020","1,834,719",
LINCLUDEN MANAGEMENT LTD,12/31/2021,"33,952","1,781,353",
"Connor, Clark & Lunn Investment Management Ltd.",12/31/2021,"33,241","1,742,672",
"Scheer, Rowlett & Associates Investment Management Ltd.",12/31/2021,"33,041","1,732,210",
GOLDMAN SACHS GROUP INC,12/31/2021,"31,737","1,664,224",
Heathbridge Capital Management Ltd.,12/31/2021,"31,342","1,648,000",
BANK OF AMERICA CORP /DE/,12/31/2021,"29,903","1,568,056",
BANK OF MONTREAL /CAN/,12/31/2021,"29,909","1,550,000",put
Credential Qtrade Securities Inc.,12/31/2021,"28,895","1,515,463",
CIBC World Markets Inc.,12/31/2021,"28,605","1,500,000",call
Algebris (UK) Ltd,12/31/2021,"28,552","1,496,756",
"SIG North Trading, ULC",12/31/2021,"28,463","1,491,000",put
Mn Services Vermogensbeheer B.V.,12/31/2021,"28,269","1,481,037",
GREAT WEST LIFE ASSURANCE CO /CAN/,12/31/2021,"27,620","1,451,390",
Parametric Portfolio Associates LLC,12/31/2021,"27,418","1,437,738",
Public Sector Pension Investment Board,12/31/2021,"26,615","1,394,396",
CIDEL ASSET MANAGEMENT INC,12/31/2021,"24,935","1,306,361",
"JANE STREET GROUP, LLC",12/31/2021,"24,637","1,291,913",
AXA S.A.,12/31/2021,"23,928","1,254,720",
"SIG North Trading, ULC",12/31/2021,"23,746","1,249,159",
Mitsubishi UFJ Trust & Banking Corp,12/31/2021,"37,278","1,213,597",
PRUDENTIAL PLC,12/31/2021,"22,966","1,204,015",
"D. E. Shaw & Co., Inc.",12/31/2021,"21,455","1,125,000",call
UBS Group AG,12/31/2021,"20,759","1,088,519",
"O'SHAUGHNESSY ASSET MANAGEMENT, LLC",12/31/2021,"20,650","1,082,655",
"SUSQUEHANNA INTERNATIONAL GROUP, LLP",12/31/2021,"20,300","1,064,500",put
"SUSQUEHANNA INTERNATIONAL GROUP, LLP",12/31/2021,"20,300","1,064,500",put
AustralianSuper Pty Ltd,12/31/2021,"20,879","1,059,861",
"MUFG SECURITIES (CANADA), LTD.",12/31/2021,"19,800","1,037,706",
Ilmarinen Mutual Pension Insurance Co,12/31/2021,"19,447","1,025,000",
"SIG North Trading, ULC",12/31/2021,"19,556","1,024,400",call
Korea Investment CORP,12/31/2021,"19,494","1,021,300",
Dixon Mitchell Investment Counsel Inc.,12/31/2021,"19,431","1,020,193",
"TWO SIGMA ADVISERS, LP",12/31/2021,"19,319","1,013,055",
ROYAL BANK OF CANADA,12/31/2021,"19,070","1,000,000",call
PICTET ASSET MANAGEMENT SA,12/31/2021,"18,354","961,597",
AMF Tjanstepension AB,12/31/2021,"18,298","958,644",
MILLENNIUM MANAGEMENT LLC,12/31/2021,"17,698","928,064",
Northwest & Ethical Investments L.P.,12/31/2021,"17,442","915,152",
NORTHERN TRUST CORP,12/31/2021,"16,603","870,599",
"MARSHALL WACE, LLP",12/31/2021,"16,530","866,765",
Zurcher Kantonalbank (Zurich Cantonalbank),12/31/2021,"16,262","865,171",
BANK OF NOVA SCOTIA TRUST CO,12/31/2021,"15,811","829,103",
BlackRock Inc.,12/31/2021,"15,216","797,909",
"D. E. Shaw & Co., Inc.",12/31/2021,"14,430","756,640",
FORSTA AP-FONDEN,12/31/2021,"13,025","682,400",
CITADEL ADVISORS LLC,12/31/2021,"12,632","662,427",
WADE G W & INC,12/31/2021,"12,361","648,217",
WELLINGTON MANAGEMENT GROUP LLP,12/31/2021,"12,212","639,827",
Neuberger Berman Group LLC,12/31/2021,"12,311","639,303",
AVIVA PLC,12/31/2021,"11,580","607,856",
Hillsdale Investment Management Inc.,12/31/2021,"11,305","592,350",
TORONTO DOMINION BANK,12/31/2021,"10,993","576,761",
"ASSETMARK, INC",12/31/2021,"10,924","572,853",
Artemis Investment Management LLP,12/31/2021,"10,600","555,121",
VIRGINIA RETIREMENT SYSTEMS ET AL,12/31/2021,"10,158","532,200",
NN Investment Partners Holdings N.V.,12/31/2021,"9,558","501,150",
DORCHESTER WEALTH MANAGEMENT Co,12/31/2021,"9,179","482,665",
"Endurance Wealth Management, Inc.",12/31/2021,"9,087","476,507",
CITIGROUP INC,12/31/2021,"8,866","464,484",
"VOLORIDGE INVESTMENT MANAGEMENT, LLC",12/31/2021,"8,699","456,167",
CITIGROUP INC,12/31/2021,"8,589","450,000",call
USS Investment Management Ltd,12/31/2021,"8,188","428,550",
GRACE & WHITE INC /NY,12/31/2021,"8,074","423,380",
ClariVest Asset Management LLC,12/31/2021,"7,549","395,510",
BURNEY CO/,12/31/2021,"6,389","335,033",
Erste Asset Management GmbH,12/31/2021,"6,179","326,419",
RAYMOND JAMES & ASSOCIATES,12/31/2021,"6,217","325,745",
Skandinaviska Enskilda Banken AB (publ),12/31/2021,"6,085","319,949",
BARCLAYS PLC,12/31/2021,"6,004","314,755",
BARCLAYS PLC,12/31/2021,"6,004","314,755",
HEALTHCARE OF ONTARIO PENSION PLAN TRUST FUND,12/31/2021,"5,723","300,000",call
Vontobel Holding Ltd.,12/31/2021,"5,522","289,100",
FIRST TRUST ADVISORS LP,12/31/2021,"5,309","278,523",
"MADISON ASSET MANAGEMENT, LLC",12/31/2021,"5,161","270,620",
AlphaCrest Capital Management LLC,12/31/2021,"5,147","269,900",
JCIC Asset Management Inc.,12/31/2021,"5,032","263,768",
APG Asset Management N.V.,12/31/2021,"4,424","263,567",
"DZ BANK AG Deutsche Zentral Genossenschafts Bank, Frankfurt am Main",12/31/2021,"4,943","260,041",
Walleye Trading LLC,12/31/2021,"4,850","254,300",put
SHELL ASSET MANAGEMENT CO,12/31/2021,"4,663","244,300",
Assenagon Asset Management S.A.,12/31/2021,"4,438","232,712",
"Cubist Systematic Strategies, LLC",12/31/2021,"4,279","224,393",
HENNESSY ADVISORS INC,12/31/2021,"4,152","217,700",
"Barry Investment Advisors, LLC",12/31/2021,"4,043","212,002",
"Parallax Volatility Advisers, L.P.",12/31/2021,"3,938","206,500",put
Quantbot Technologies LP,12/31/2021,"3,874","203,147",
Lorne Steinberg Wealth Management Inc.,12/31/2021,"3,773","198,377",
"COMMONWEALTH EQUITY SERVICES, LLC",12/31/2021,"3,758","197,115",
"NATIXIS ADVISORS, L.P.",12/31/2021,"3,713","194,703",
"Raymond James Financial Services Advisors, Inc.",12/31/2021,"3,640","190,758",
WESTPAC BANKING CORP,12/31/2021,"4,545","188,552",
LPL Financial LLC,12/31/2021,"3,548","186,031",
Quadrature Capital Ltd,12/31/2021,"3,495","184,700",
AMERICAN CENTURY COMPANIES INC,12/31/2021,"3,381","177,368",
GUARDIAN CAPITAL ADVISORS LP,12/31/2021,"3,505","171,671",
Walleye Trading LLC,12/31/2021,"3,230","169,400",call
AMERIPRISE FINANCIAL INC,12/31/2021,"3,077","167,813",
"Crossmark Global Holdings, Inc.",12/31/2021,"3,178","166,669",
ALLIANCEBERNSTEIN L.P.,12/31/2021,"3,167","166,062",
"Parallax Volatility Advisers, L.P.",12/31/2021,"3,147","165,000",call
UBS Group AG,12/31/2021,"2,861","150,000",call
UBS Group AG,12/31/2021,"2,861","150,000",put
"ADVISOR GROUP HOLDINGS, INC.",12/31/2021,"2,848","148,629",
FOSTER & MOTLEY INC,12/31/2021,"2,785","146,020",
PCJ Investment Counsel Ltd.,12/31/2021,"2,712","142,161",
ENVESTNET ASSET MANAGEMENT INC,12/31/2021,"2,617","137,244",
"SUSQUEHANNA INTERNATIONAL GROUP, LLP",12/31/2021,"2,474","129,752",
"SUSQUEHANNA INTERNATIONAL GROUP, LLP",12/31/2021,"2,474","129,752",
"WOLVERINE TRADING, LLC",12/31/2021,"2,359","123,500",put
CITADEL ADVISORS LLC,12/31/2021,"2,227","116,800",put
"BNP PARIBAS ARBITRAGE, SA",12/31/2021,"2,079","109,024",
Walleye Trading LLC,12/31/2021,"1,979","103,786",
"Selective Wealth Management, Inc.",12/31/2021,"1,898","99,479",
"Ensign Peak Advisors, Inc",12/31/2021,"1,729","90,600",
"LEE JOHNSON CAPITAL MANAGEMENT, LLC",12/31/2021,"1,675","87,813",
"Smith Group Asset Management, LLC",12/31/2021,"1,667","87,390",
US BANCORP \DE\,12/31/2021,"1,621","85,008",
Rathbones Group PLC,12/31/2021,"1,617","84,700",
"LAKE STREET ADVISORS GROUP, LLC",12/31/2021,"1,591","83,444",
EATON VANCE MANAGEMENT,12/31/2021,"1,580","82,866",
CLARET ASSET MANAGEMENT Corp,12/31/2021,"1,518","79,553",
"Cambridge Investment Research Advisors, Inc.",12/31/2021,"1,423","74,620",
Magnetar Financial LLC,12/31/2021,"1,336","70,043",
BLAIR WILLIAM & CO/IL,12/31/2021,"1,321","69,297",
ACADIAN ASSET MANAGEMENT LLC,12/31/2021,"1,306","68,453",
Midwest Wealth Management Inc.,12/31/2021,"1,305","68,450",
JB Capital LLC,12/31/2021,"1,269","66,572",
"Kalos Management, Inc.",12/31/2021,"1,317","65,582",
Candriam Luxembourg S.C.A.,12/31/2021,"1,238","64,854",
AEGON ASSET MANAGEMENT UK PLC,12/31/2021,"1,222","64,759",
"BENJAMIN F. EDWARDS & COMPANY, INC.",12/31/2021,"1,219","63,908",
"HighTower Advisors, LLC",12/31/2021,"1,207","63,219",
FARMERS & MERCHANTS INVESTMENTS INC,12/31/2021,"1,205","63,209",
RITHOLTZ WEALTH MANAGEMENT,12/31/2021,"1,201","62,955",
Baader Bank Aktiengesellschaft,12/31/2021,"1,192","62,500",
"JANE STREET GROUP, LLC",12/31/2021,"1,190","62,400",put
CAPTRUST FINANCIAL ADVISORS,12/31/2021,"1,158","60,700",
TRUIST FINANCIAL CORP,12/31/2021,"1,137","59,579",
"Twin Tree Management, LP",12/31/2021,"1,131","59,300",call
Coastline Trust Co,12/31/2021,"1,113","58,370",
FineMark National Bank & Trust,12/31/2021,"1,094","57,387",
"SUSQUEHANNA INTERNATIONAL GROUP, LLP",12/31/2021,"1,079","56,600",call
"SUSQUEHANNA INTERNATIONAL GROUP, LLP",12/31/2021,"1,079","56,600",call
"AIGEN INVESTMENT MANAGEMENT, LP",12/31/2021,"1,012","53,884",
Creative Planning,12/31/2021,"1,013","53,098",
"First Heartland Consultants, Inc.",12/31/2021,"1,009","52,961",
Janney Montgomery Scott LLC,12/31/2021,968,"50,755",
Bridge Creek Capital Management LLC,12/31/2021,951,"49,852",
BI Asset Management Fondsmaeglerselskab A/S,12/31/2021,934,"48,933",
BOWEN HANES & CO INC,12/31/2021,899,"47,165",
TODD ASSET MANAGEMENT LLC,12/31/2021,869,"45,574",
COMERICA BANK,12/31/2021,910,"45,400",
"PNC Financial Services Group, Inc.",12/31/2021,840,"44,089",
"Advisors Asset Management, Inc.",12/31/2021,835,"43,810",
RESOURCES MANAGEMENT CORP /CT/ /ADV,12/31/2021,833,"43,692",
"apricus wealth, LLC",12/31/2021,829,"43,475",
Sageworth Trust Co,12/31/2021,821,"43,048",
"WOLVERINE TRADING, LLC",12/31/2021,822,"43,020",
BARTLETT & CO. WEALTH MANAGEMENT LLC,12/31/2021,817,"42,879",
Bartlett & Co. LLC,12/31/2021,818,"42,879",
"Moors & Cabot, Inc.",12/31/2021,803,"42,122",
ONTARIO TEACHERS PENSION PLAN BOARD,12/31/2021,800,"41,965",
STIFEL FINANCIAL CORP,12/31/2021,789,"41,400",
"JANE STREET GROUP, LLC",12/31/2021,784,"41,100",call
HOLLENCREST CAPITAL MANAGEMENT,12/31/2021,778,"40,786",
M&T Bank Corp,12/31/2021,768,"40,280",
VAN ECK ASSOCIATES CORP,12/31/2021,733,"38,413",
Pendal Group Ltd,12/31/2021,718,"37,661",
Hendershot Investments Inc.,12/31/2021,718,"37,647",
"GSB Wealth Management, LLC",12/31/2021,698,"36,600",
Voya Investment Management LLC,12/31/2021,696,"36,484",
"GROUP ONE TRADING, L.P.",12/31/2021,690,"36,181",
"CenterStar Asset Management, LLC",12/31/2021,675,"35,000",put
AGF INVESTMENTS INC.,12/31/2021,661,"34,705",
"BOKF, NA",12/31/2021,661,"34,687",
"Vident Investment Advisory, LLC",12/31/2021,636,"33,313",
"Robertson Stephens Wealth Management, LLC",12/31/2021,629,"33,031",
Cetera Advisors LLC,12/31/2021,624,"32,737",
"SIGNATUREFD, LLC",12/31/2021,619,"32,470",
CenterBook Partners LP,12/31/2021,600,"31,485",
Y-Intercept (Hong Kong) Ltd,12/31/2021,599,"31,427",
"BAKER TILLY WEALTH MANAGEMENT, LLC",12/31/2021,582,"30,543",
"Kestra Advisory Services, LLC",12/31/2021,581,"30,456",
Wealth Alliance,12/31/2021,581,"30,450",
"YOUSIF CAPITAL MANAGEMENT, LLC",12/31/2021,574,"30,082",
AE Wealth Management LLC,12/31/2021,570,"29,872",
"Johnson Financial Group, Inc.",12/31/2021,566,"29,662",
"Gyon Technologies Capital Management, LP",12/31/2021,557,"29,199",
CIGNA INVESTMENTS INC /NEW,12/31/2021,545,"28,563",
BANQUE PICTET & CIE SA,12/31/2021,540,"28,306",
"Focus Financial Network, Inc.",12/31/2021,539,"28,300",
FIERA CAPITAL CORP,12/31/2021,532,"27,913",
Brookstone Capital Management,12/31/2021,562,"27,824",
"Ashton Thomas Private Wealth, LLC",12/31/2021,519,"27,267",
Cumberland Partners Ltd,12/31/2021,508,"26,607",
HBK Sorce Advisory LLC,12/31/2021,497,"26,087",
NORTHWESTERN MUTUAL WEALTH MANAGEMENT CO,12/31/2021,497,"26,060",
PEAPACK GLADSTONE FINANCIAL CORP,12/31/2021,496,"26,051",
RAYMOND JAMES TRUST N.A.,12/31/2021,486,"25,490",
"GRIMES & COMPANY, INC.",12/31/2021,480,"25,190",
ADVISOR PARTNERS LLC,12/31/2021,481,"25,184",
WESBANCO BANK INC,12/31/2021,473,"24,806",
MBB PUBLIC MARKETS I LLC,12/31/2021,469,"24,592",
Schonfeld Strategic Advisors LLC,12/31/2021,461,"24,200",
"WMS Partners, LLC",12/31/2021,458,"24,018",
MONTAG A & ASSOCIATES INC,12/31/2021,450,"23,574",
"ExodusPoint Capital Management, LP",12/31/2021,438,"22,967",
Trexquant Investment LP,12/31/2021,437,"22,896",
Veriti Management LLC,12/31/2021,431,"22,578",
"BUCKINGHAM STRATEGIC WEALTH, LLC",12/31/2021,423,"22,184",
Lingohr & Partner Asset Management GmbH,12/31/2021,419,"22,054",
GUGGENHEIM CAPITAL LLC,12/31/2021,405,"21,258",
"Laurel Wealth Advisors, Inc.",12/31/2021,405,"21,257",
D.A. DAVIDSON & CO.,12/31/2021,395,"20,729",
"MITCHELL & PAHL PRIVATE WEALTH, LLC",12/31/2021,394,"20,638",
CITADEL ADVISORS LLC,12/31/2021,387,"20,300",call
"Legg Mason Asset Management (Japan) Co., Ltd.",12/31/2021,386,"20,249",
BURKE & HERBERT BANK & TRUST CO,12/31/2021,386,"20,201",
Cetera Advisor Networks LLC,12/31/2021,385,"20,196",
Tacita Capital Inc,12/31/2021,382,"20,032",
GLENMEDE TRUST CO NA,12/31/2021,379,"19,894",
Sigma Planning Corp,12/31/2021,379,"19,885",
S. R. Schill & Associates,12/31/2021,376,"19,700",
"Allspring Global Investments Holdings, LLC",12/31/2021,370,"19,411",
"Private Advisor Group, LLC",12/31/2021,364,"19,076",
"Steward Partners Investment Advisory, LLC",12/31/2021,353,"18,508",
WETHERBY ASSET MANAGEMENT INC,12/31/2021,350,"18,374",
"DGS Capital Management, LLC",12/31/2021,350,"18,342",
NATIXIS,12/31/2021,344,"18,039",
Fayez Sarofim & Co,12/31/2021,342,"17,928",
BROWN BROTHERS HARRIMAN & CO,12/31/2021,338,"17,729",
K.J. Harrison & Partners Inc,12/31/2021,333,"17,468",
"Boothe Investment Group, Inc.",12/31/2021,333,"17,450",
"WOLVERINE TRADING, LLC",12/31/2021,323,"16,900",call
"CenterStar Asset Management, LLC",12/31/2021,336,"16,800",call
"CenterStar Asset Management, LLC",12/31/2021,320,"16,779",
"O'ROURKE & COMPANY, Inc",12/31/2021,316,"16,565",
EVERGREEN CAPITAL MANAGEMENT LLC,12/31/2021,309,"16,225",
"SUMMIT FINANCIAL GROUP, INC.",12/31/2021,309,"16,194",
Gulf International Bank (UK) Ltd,12/31/2021,308,"16,173",
"WEALTHSOURCE PARTNERS, LLC",12/31/2021,304,"15,962",
CREDIT AGRICOLE S A,12/31/2021,298,"15,631",
"Stratos Wealth Partners, LTD.",12/31/2021,297,"15,571",
Covington Capital Management,12/31/2021,295,"15,452",
OPPENHEIMER & CO INC,12/31/2021,292,"15,316",
TRUST CO OF VERMONT,12/31/2021,291,"15,265",
Doyle Wealth Management,12/31/2021,290,"15,225",
REGENTATLANTIC CAPITAL LLC,12/31/2021,286,"15,014",
NOMURA HOLDINGS INC,12/31/2021,286,"15,013",
CLIFFORD SWAN INVESTMENT COUNSEL LLC,12/31/2021,285,"14,925",
"Pacer Advisors, Inc.",12/31/2021,284,"14,881",
TownSquare Capital LLC,12/31/2021,269,"14,092",
WESTWOOD HOLDINGS GROUP INC,12/31/2021,263,"13,768",
RNC CAPITAL MANAGEMENT LLC,12/31/2021,262,"13,744",
Virtu Financial LLC,12/31/2021,252,"13,233",
"Mariner, LLC",12/31/2021,250,"13,105",
TD PRIVATE CLIENT WEALTH LLC,12/31/2021,249,"13,093",
ALGERT GLOBAL LLC,12/31/2021,249,"13,084",
Advisory Resource Group,12/31/2021,268,"12,855",
"Autus Asset Management, LLC",12/31/2021,241,"12,620",
"MATHER GROUP, LLC.",12/31/2021,240,"12,574",
"Fundamentun, LLC",12/31/2021,235,"12,347",
FINANCIAL COUNSELORS INC,12/31/2021,235,"12,323",
SYNOVUS FINANCIAL CORP,12/31/2021,234,"12,279",
JOHNSON INVESTMENT COUNSEL INC,12/31/2021,232,"12,168",
"KARPAS STRATEGIES, LLC",12/31/2021,229,"12,000",
"KESTRA PRIVATE WEALTH SERVICES, LLC",12/31/2021,228,"11,968",
Integrated Advisors Network LLC,12/31/2021,227,"11,900",
"Kistler-Tiffany Companies, LLC",12/31/2021,226,"11,835",
"Brinker Capital Investments, LLC",12/31/2021,226,"11,825",
"Pinnacle Wealth Planning Services, Inc.",12/31/2021,225,"11,819",
"Checchi Capital Advisers, LLC",12/31/2021,223,"11,687",
HUNTINGTON NATIONAL BANK,12/31/2021,221,"11,615",
"HAP Trading, LLC",12/31/2021,10,"11,600",put
"Heritage Financial Services, LLC",12/31/2021,217,"11,425",
BALASA DINVERNO & FOLTZ LLC,12/31/2021,217,"11,381",
PRUDENTIAL FINANCIAL INC,12/31/2021,217,"11,376",
KEYBANK NATIONAL ASSOCIATION/OH,12/31/2021,217,"11,353",
HARDING LOEVNER LP,12/31/2021,216,"11,300",
"BRANDES INVESTMENT PARTNERS, LP",12/31/2021,213,"11,187",
"Pekin Hardy Strauss, Inc.",12/31/2021,212,"11,124",
GREENLEAF TRUST,12/31/2021,211,"11,079",
"Hennion & Walsh Asset Management, Inc.",12/31/2021,210,"11,009",
"BLUEFIN CAPITAL MANAGEMENT, LLC",12/31/2021,210,"11,000",
"Sequoia Financial Advisors, LLC",12/31/2021,209,"10,975",
"Avidian Wealth Solutions, LLC",12/31/2021,209,"10,970",
FIRST NATIONAL BANK & TRUST CO OF NEWTOWN,12/31/2021,207,"10,892",
PARK NATIONAL CORP /OH/,12/31/2021,208,"10,890",
"BLUEFIN CAPITAL MANAGEMENT, LLC",12/31/2021,1,"10,800",put
Community Bank of Raymore,12/31/2021,203,"10,656",
CAMBRIDGE TRUST CO,12/31/2021,203,"10,641",
XTX Topco Ltd,12/31/2021,202,"10,611",
QUADRANT CAPITAL GROUP LLC,12/31/2021,202,"10,603",
"Stanley-Laman Group, Ltd.",12/31/2021,200,"10,474",
Sather Financial Group Inc,12/31/2021,198,"10,400",
GATEWAY INVESTMENT ADVISERS LLC,12/31/2021,193,"10,136",
MQS Management LLC,12/31/2021,192,"10,067",
"Hunting Hill Global Capital, LLC",12/31/2021,189,"10,000",
Knights of Columbus Asset Advisors LLC,12/31/2021,185,"9,680",
First Bank & Trust,12/31/2021,181,"9,490",
AMERICAN NATIONAL BANK,12/31/2021,177,"9,262",
Core Alternative Capital,12/31/2021,166,"8,708",
C M BIDWELL & ASSOCIATES LTD,12/31/2021,151,"7,895",
American Portfolios Advisors,12/31/2021,149,"7,823",
"Sandy Cove Advisors, LLC",12/31/2021,148,"7,760",
"Carroll Financial Associates, Inc.",12/31/2021,145,"7,704",
Belpointe Asset Management LLC,12/31/2021,141,"7,382",
"CONCOURSE FINANCIAL GROUP SECURITIES, INC.",12/31/2021,139,"7,274",
MACQUARIE GROUP LTD,12/31/2021,128,"6,735",
Geneos Wealth Management Inc.,12/31/2021,127,"6,710",
MUFG Americas Holdings Corp,12/31/2021,124,"6,480",
Rockefeller Capital Management L.P.,12/31/2021,112,"5,905",
WHITTIER TRUST CO,12/31/2021,112,"5,850",
"AdvisorNet Financial, Inc",12/31/2021,106,"5,561",
"TILIA FIDUCIARY PARTNERS, INC.",12/31/2021,99,"5,202",
"NEXT Financial Group, Inc",12/31/2021,95,"4,986",
Pacifica Partners Inc.,12/31/2021,97,"4,812",
MASSMUTUAL TRUST CO FSB/ADV,12/31/2021,88,"4,601",
JONES FINANCIAL COMPANIES LLLP,12/31/2021,85,"4,436",
Baystate Wealth Management LLC,12/31/2021,83,"4,335",
Glassman Wealth Services,12/31/2021,81,"4,267",
FIFTH THIRD BANCORP,12/31/2021,77,"4,036",
Snowden Capital Advisors LLC,12/31/2021,76,"4,033",
Regency Capital Management Inc.\DE,12/31/2021,76,"4,008",
"CWM, LLC",12/31/2021,76,"3,996",
WASHINGTON TRUST Co,12/31/2021,74,"3,878",
Banque Cantonale Vaudoise,12/31/2021,74,"3,850",
CENTRAL TRUST Co,12/31/2021,73,"3,810",
Kelly Financial Services LLC,12/31/2021,71,"3,772",
"CoreCap Advisors, LLC",12/31/2021,70,"3,646",
Tower Research Capital LLC (TRC),12/31/2021,65,"3,447",
Parkside Financial Bank & Trust,12/31/2021,65,"3,420",
UMB BANK N A/MO,12/31/2021,64,"3,340",
"Parallel Advisors, LLC",12/31/2021,58,"3,060",
"SIMPLEX TRADING, LLC",12/31/2021,57,"3,037",
"Lindbrook Capital, LLC",12/31/2021,56,"2,939",
"Graves-Light Private Wealth Management, Inc.",12/31/2021,55,"2,891",
BALDWIN BROTHERS LLC/MA,12/31/2021,53,"2,780",
CLEAR STREET MARKETS LLC,12/31/2021,51,"2,700",put
SALEM INVESTMENT COUNSELORS INC,12/31/2021,48,"2,500",
Cutler Group LP,12/31/2021,0,"2,500",put
Allworth Financial LP,12/31/2021,48,"2,495",
"Capital Analysts, LLC",12/31/2021,47,"2,462",
"Ancora Advisors, LLC",12/31/2021,47,"2,457",
"Bedel Financial Consulting, Inc.",12/31/2021,46,"2,430",
Sandy Spring Bank,12/31/2021,46,"2,387",
THOMPSON SIEGEL & WALMSLEY LLC,12/31/2021,44,"2,300",
"Aspire Private Capital, LLC",12/31/2021,44,"2,295",
"Fieldpoint Private Securities, LLC",12/31/2021,43,"2,275",
KAYNE ANDERSON RUDNICK INVESTMENT MANAGEMENT LLC,12/31/2021,43,"2,232",
"GPS Wealth Strategies Group, LLC",12/31/2021,41,"2,135",
"Center for Financial Planning, Inc.",12/31/2021,40,"2,074",
Spire Wealth Management,12/31/2021,37,"1,966",
"FourThought Financial, LLC",12/31/2021,37,"1,964",
BENJAMIN EDWARDS INC,12/31/2021,37,"1,938",
"IFP Advisors, Inc",12/31/2021,36,"1,918",
"Castleview Partners, LLC",12/31/2021,100,"1,907",
WHITTIER TRUST CO OF NEVADA INC,12/31/2021,36,"1,875",
"Legacy Bridge, LLC",12/31/2021,35,"1,860",
Addison Advisors LLC,12/31/2021,35,"1,812",
"Financial Perspectives, Inc",12/31/2021,33,"1,766",
"Widmann Financial Services, Inc.",12/31/2021,33,"1,760",
CAROLINAS WEALTH CONSULTING LLC,12/31/2021,33,"1,735",
"BELLEVUE ASSET MANAGEMENT, LLC",12/31/2021,32,"1,696",
"Costello Asset Management, INC",12/31/2021,32,"1,688",
"PFS Partners, LLC",12/31/2021,31,"1,648",
Sargent Bickham Lagudis LLC,12/31/2021,31,"1,641",
Rosenberg Matthew Hamilton,12/31/2021,31,"1,603",
"CULLEN/FROST BANKERS, INC.",12/31/2021,30,"1,597",
WFA Asset Management Corp,12/31/2021,30,"1,584",
"Carmichael Hill & Associates, Inc.",12/31/2021,29,"1,527",
"Hudock, Inc.",12/31/2021,29,"1,526",
"PSI Advisors, LLC",12/31/2021,28,"1,485",
Riggs Asset Managment Co. Inc.,12/31/2021,28,"1,480",
Stonehage Fleming Financial Services Holdings Ltd,12/31/2021,28,"1,475",
"Anchor Investment Management, LLC",12/31/2021,27,"1,437",
"HARBOUR INVESTMENTS, INC.",12/31/2021,27,"1,433",
Enterprise Trust & Investment Co,12/31/2021,27,"1,400",
"REILLY FINANCIAL ADVISORS, LLC",12/31/2021,27,"1,398",
CoreFirst Bank & Trust,12/31/2021,27,"1,390",
Cutler Group LP,12/31/2021,2,"1,300",call
"First Horizon Advisors, Inc.",12/31/2021,24,"1,245",
"Sawyer & Company, Inc",12/31/2021,23,"1,206",
"TRUSTCORE FINANCIAL SERVICES, LLC",12/31/2021,23,"1,200",
FIRST COMMUNITY TRUST NA,12/31/2021,22,"1,199",
"Charter Oak Capital Management, LLC",12/31/2021,23,"1,194",
"Oakworth Capital, Inc.",12/31/2021,20,"1,062",
"Asset Dedication, LLC",12/31/2021,19,"1,012",
"Plante Moran Financial Advisors, LLC",12/31/2021,18,954,
"Elmwood Wealth Management, Inc.",12/31/2021,18,950,
"EXCHANGE TRADED CONCEPTS, LLC",12/31/2021,18,933,
"Freedman Financial Associates, Inc.",12/31/2021,18,920,
Pacific Center for Financial Services,12/31/2021,16,817,
"Sugarloaf Wealth Management, LLC",12/31/2021,15,775,
First PREMIER Bank,12/31/2021,15,765,
"BDO Wealth Advisors, LLC",12/31/2021,14,760,
"O'Dell Group, LLC",12/31/2021,14,750,
"Focused Wealth Management, Inc",12/31/2021,14,737,
Larson Financial Group LLC,12/31/2021,14,734,
"Koshinski Asset Management, Inc.",12/31/2021,13,733,
"Tradition Wealth Management, LLC",12/31/2021,14,727,
AllSquare Wealth Management LLC,12/31/2021,14,724,
"TSFG, LLC",12/31/2021,13,689,
"Clearstead Advisors, LLC",12/31/2021,13,689,
"TimeScale Financial, Inc.",12/31/2021,13,672,
Farmers & Merchants Trust Co of Chambersburg PA,12/31/2021,13,661,
ADIRONDACK TRUST CO,12/31/2021,12,645,
HALL LAURIE J TRUSTEE,12/31/2021,11,600,
Missouri Trust & Investment Co,12/31/2021,11,600,
"Ellis Investment Partners, LLC",12/31/2021,11,581,
CNB Bank,12/31/2021,11,580,
City State Bank,12/31/2021,10,539,
Semmax Financial Advisors Inc.,12/31/2021,10,507,
Financial Enhancement Group LLC,12/31/2021,10,504,
"Wagner Wealth Management, LLC",12/31/2021,10,502,
"JFS WEALTH ADVISORS, LLC",12/31/2021,9,496,
LORING WOLCOTT & COOLIDGE FIDUCIARY ADVISORS LLP/MA,12/31/2021,9,480,
Norway Savings Bank,12/31/2021,9,480,
WEST BANCORPORATION INC,12/31/2021,9,477,
"Shore Point Advisors, LLC",12/31/2021,9,474,
"Strategic Asset Management, LLC",12/31/2021,9,466,
"EverSource Wealth Advisors, LLC",12/31/2021,9,466,
VALLEY NATIONAL ADVISERS INC,12/31/2021,9,462,
"Harvest Fund Management Co., Ltd",12/31/2021,8,457,
SouthState Corp,12/31/2021,8,415,
"Vectors Research Management, LLC",12/31/2021,7,392,
"Versant Capital Management, Inc",12/31/2021,7,384,
BESSEMER GROUP INC,12/31/2021,7,375,
"Zions Bancorporation, N.A.",12/31/2021,7,373,
"Nelson, Van Denburg & Campbell Wealth Management Group, LLC",12/31/2021,6,366,
"BLUE BELL PRIVATE WEALTH MANAGEMENT, LLC",12/31/2021,7,352,
Key Financial Inc,12/31/2021,7,350,
Savior LLC,12/31/2021,6,316,
OPTIMUM INVESTMENT ADVISORS,12/31/2021,6,312,
High Net Worth Advisory Group LLC,12/31/2021,6,308,
HM PAYSON & CO,12/31/2021,6,300,
American Research & Management Co.,12/31/2021,5,268,
Stonebridge Capital Advisors LLC,12/31/2021,5,260,
"BerganKDV Wealth Management, LLC",12/31/2021,5,247,
EARNEST PARTNERS LLC,12/31/2021,5,239,
ARROW FINANCIAL CORP,12/31/2021,5,236,
"Andrew Hill Investment Advisors, Inc.",12/31/2021,4,236,
Hexagon Capital Partners LLC,12/31/2021,5,236,
"Level Financial Advisors, Inc.",12/31/2021,4,234,
"Financial Management Professionals, Inc.",12/31/2021,4,215,
Accel Wealth Management,12/31/2021,4,205,
"PFG Private Wealth Management, LLC",12/31/2021,3,182,
"Leelyn Smith, LLC",12/31/2021,3,164,
Investmark Advisory Group LLC,12/31/2021,3,162,
"Providence Capital Advisors, LLC",12/31/2021,3,154,
"RE Dickinson Investment Advisors, LLC",12/31/2021,3,144,
FIRST MANHATTAN CO,12/31/2021,2,141,
COUNTRY TRUST BANK,12/31/2021,2,129,
"Private Capital Group, LLC",12/31/2021,2,114,
Fortitude Advisory Group L.L.C.,12/31/2021,2,109,
"Cribstone Capital Management, LLC",12/31/2021,2,100,
Prestige Wealth Management Group LLC,12/31/2021,2,100,
ARCADIA INVESTMENT MANAGEMENT CORP/MI,12/31/2021,2,85,
"HARBOR INVESTMENT ADVISORY, LLC",12/31/2021,2,83,
"Ford Financial Group, LLC",12/31/2021,1,81,
Gemmer Asset Management LLC,12/31/2021,1,75,
"Stephens Consulting, LLC",12/31/2021,1,68,
Dixon Hughes Goodman Wealth Advisors LLC,12/31/2021,1,61,
Eagle Bay Advisors LLC,12/31/2021,1,58,
"Cornerstone Advisory, LLC",12/31/2021,1,50,
"Rise Advisors, LLC",12/31/2021,0,46,
JJJ Advisors Inc.,12/31/2021,1,44,
"Retirement Planning Co of New England, Inc.",12/31/2021,0,42,
"Patriot Financial Group Insurance Agency, LLC",12/31/2021,1,40,
NOMURA ASSET MANAGEMENT CO LTD,12/31/2021,0,0,
